,model,train_loss,train_mean_f1,val_loss,val_mean_f1,time,mem_alloc,mem_res
0,Cluster,163.5901336669922,0.8978989005088807,157.07405853271484,0.867001760005951,1218.5018464565278,177600819.2,4963958784.0
1,GAT,167.45204060872396,0.7714612364768982,160.30579376220703,0.7378990888595581,823.1754070281983,35979878.4,5140538982.4
2,GIN,161.47630106608074,0.9605654358863831,154.9426239013672,0.9316837549209595,1003.6812987804412,86622310.4,2261988147.2
3,MF,161.88372701009112,0.9660886406898499,154.9921661376953,0.9377468705177308,2127.6691567749026,341949644.8,5484471910.4
4,MF+Cluster,163.09093017578124,0.9361437916755676,156.1548812866211,0.9016126394271851,1345.973395204544,192373760.0,5995338137.6
5,MF+GIN,161.98477478027343,0.9653427958488464,154.99504547119142,0.9400840163230896,1065.2973977088927,189655961.6,4751727001.6
6,MF+Transformer,161.87096455891924,0.9572617292404175,155.9383316040039,0.9082351803779602,2175.554068853415,80644505.6,6645874688.0
7,SAGE,164.63021036783854,0.8572494387626648,158.76934967041015,0.8003282308578491,856.1987812519073,37088358.4,4554175283.2
